latitude,longitude,crime_severity,lighting_level,crowd_density,hour,risk_score
39.94005401188473,-75.19668670711614,1.0,0.7,0.8,18,0.655
33.493471430640994,-112.06980990526216,0.9,0.7,0.88,12,0.563
29.44729939418114,-98.45630541641236,0.6,0.96,0.55,9,0.3975
39.9624658484197,-75.14197751135904,0.3,0.1,0.22,23,0.572
29.389701864044245,-98.46294388521386,0.2,0.11,0.2,4,0.5425
41.843699452033626,-87.61392166332894,0.5,0.3,0.29,3,0.6315
39.908408361216814,-75.14597234354821,1.0,0.78,0.94,8,0.604
29.797017614577495,-95.33488043484347,0.5,0.91,0.41,8,0.401
29.770511501174322,-95.39483319911407,0.2,0.03,0.24,4,0.5565
37.110807257779605,-95.71105750363569,0.85,0.8,0.02,7,0.662
40.66485844942958,-74.03387905581803,0.7,0.01,0.19,2,0.819
41.9250909852162,-87.58103319920033,0.6,0.03,0.1,22,0.7575
40.74604426408004,-73.96159406603134,0.85,0.96,0.58,12,0.518
37.06123391106783,-95.75605731886314,0.4,0.06,0.12,0,0.667
32.744882496720706,-96.77644248274842,0.4,0.81,0.22,6,0.4045
40.681140450985346,-73.96347516825843,1.0,0.16,0.12,5,0.942
34.03262422429595,-118.27564246548727,0.3,0.74,0.84,18,0.289
39.95507564316322,-75.15840547694474,0.8,0.36,0.14,5,0.789
41.87129450186421,-87.5882511702412,0.85,0.61,0.44,8,0.6465
41.85722291401981,-87.67640540214143,0.8,0.87,0.87,17,0.472
29.435285289472237,-98.47385797327532,0.8,0.99,0.57,13,0.487
39.9165493860652,-75.18546509926274,0.4,0.82,0.66,18,0.346
41.85731446485352,-87.58736038046236,0.6,0.97,0.81,17,0.356
29.41073618432937,-98.44649417548347,0.6,0.62,0.6,11,0.475
34.047806998421706,-118.19927335108866,0.3,0.77,0.43,19,0.343
37.118517596139306,-95.71257857833425,0.4,0.1,0.13,22,0.6355
39.92256737821583,-75.12899573490107,0.85,0.89,0.97,12,0.477
29.76182344384136,-95.3353450601465,0.2,0.39,0.22,21,0.4195
32.7859414568862,-96.81508995267568,0.9,0.1,0.24,23,0.869
29.715045041272,-95.33690845258494,0.85,0.86,0.78,13,0.513
39.96335448519014,-75.21149923652845,0.6,0.08,0.07,2,0.7695
29.39115241236873,-98.4839730121518,0.5,0.23,0.15,23,0.65
33.40490515929853,-112.10099911627123,0.3,0.79,0.85,11,0.245
34.097088553725335,-118.28164331142227,0.2,0.39,0.04,2,0.4965
40.75936320330746,-74.04830467983707,1.0,0.84,0.1,6,0.715
34.08303973481164,-118.22407112241218,0.6,0.74,0.57,19,0.4795
39.93306137691734,-75.18121250362319,0.85,0.05,0.15,3,0.89
41.83786721140064,-87.60732332284712,0.7,0.66,0.99,12,0.4565
29.778823302651215,-95.4132643659201,0.85,0.69,0.44,13,0.6065
34.04621524937396,-118.26217096621694,0.7,0.1,0.18,22,0.778
33.41060382348448,-112.07005087076246,0.6,0.94,0.51,10,0.4085
40.71231769101113,-73.97692768351611,1.0,0.22,0.98,20,0.748
29.37753885211152,-98.5117247497068,0.9,0.21,0.04,2,0.8915
40.75373204020788,-73.9934108623563,0.6,0.65,0.64,19,0.4915
32.75257799816,-96.75840222517638,0.9,0.34,0.26,22,0.806
29.440352228435398,-98.48201368118177,0.9,0.89,0.82,16,0.5245
34.03337110760894,-118.27040405252464,0.8,0.63,0.65,13,0.565
40.714806802117785,-74.05355992184434,0.7,0.28,0.12,22,0.742
32.78137102793433,-96.7599901126099,0.6,0.82,0.64,11,0.419
41.846585445552556,-87.67767305891496,0.5,0.03,0.09,23,0.709
29.807358462776456,-95.33232983273157,0.8,0.18,0.07,5,0.8445
34.07971328233611,-118.24080628659728,0.9,0.19,0.17,21,0.827
37.13394989415642,-95.6660932301487,1.0,0.67,0.56,15,0.6685
29.799882735042765,-95.33992167642263,0.7,0.98,0.57,12,0.4395
33.45818999788111,-112.02420658894667,0.7,0.34,0.23,3,0.7305
37.132187423502316,-95.72492881845483,0.5,0.27,0.34,4,0.6315
32.73554925020519,-96.77028117110689,0.6,0.78,0.76,19,0.441
34.02179828624191,-118.25350690863908,0.9,0.76,0.45,14,0.6125
33.402922728891056,-112.07601243796961,0.6,0.86,0.45,13,0.4375
29.742933033076326,-95.35704945367816,0.9,0.82,0.97,8,0.5395
37.07886772896895,-95.67263228858135,0.6,0.62,0.58,19,0.508
37.06713490317739,-95.66159165308007,0.7,0.21,0.03,2,0.793
39.98547375091519,-75.13837265861355,0.85,0.32,0.21,4,0.8135
29.40977533266936,-98.50182332178326,0.85,0.78,0.77,19,0.5645
29.73849345096874,-95.37766429977229,0.4,0.02,0.23,23,0.6405
32.78096960831582,-96.7732417698411,0.3,0.91,0.56,14,0.2585
40.67689242249748,-74.03212228542317,0.85,0.68,0.41,17,0.6135
37.12021969807541,-95.74895258868685,0.6,0.1,0.34,5,0.724
29.381555064367976,-98.50813778423593,0.4,0.67,0.55,9,0.37
29.80908869366005,-95.3910761008346,0.85,0.73,0.24,6,0.6465
37.11722447692967,-95.7303691879544,0.9,0.3,0.25,1,0.8375
34.022071568153414,-118.27033922489501,0.8,0.81,0.77,17,0.502
41.82865221171237,-87.67559068103637,0.7,0.68,0.59,16,0.5115
41.90964614284549,-87.67801260652666,0.3,0.35,0.09,2,0.549
34.07288573438476,-118.1949277610264,0.9,0.35,0.21,2,0.831
33.4713007168041,-112.08122268662642,0.7,0.35,0.3,22,0.6975
32.80382703466859,-96.80856733528402,0.2,0.1,0.33,5,0.5255
34.00960446517341,-118.2257352717307,0.6,0.78,0.46,15,0.456
29.746246572854428,-95.39797461121348,1.0,0.99,0.05,6,0.685
37.05158690595252,-95.66500388160497,0.6,0.31,0.33,4,0.673
37.126310342587566,-95.68136549855843,0.85,0.61,0.26,6,0.6735
33.46072981268276,-112.11505889976877,0.6,0.03,0.31,2,0.746
39.935689802485264,-75.1734419224215,0.5,0.79,0.52,18,0.4245
37.046355835028606,-95.67208816924378,1.0,0.96,0.21,6,0.6685
39.933698232171565,-75.12072679777086,0.3,0.22,0.82,20,0.422
40.695318332202675,-74.00925984887502,0.7,0.8,0.81,9,0.4485
37.11296061783381,-95.69865886107893,0.85,0.64,0.64,16,0.589
34.06595574713552,-118.27699660539079,0.7,0.26,0.01,4,0.7835
33.48712127425763,-112.0248831373863,0.3,0.93,0.2,6,0.3275
39.94982149251619,-75.19203282986166,1.0,0.15,0.09,22,0.929
34.01415942459383,-118.19942682258649,0.9,0.31,0.16,2,0.8485
41.8994244787223,-87.61483533510076,0.2,0.39,0.34,0,0.4515
37.11607850486169,-95.69922632051211,0.7,0.68,0.64,14,0.504
29.76652771975695,-95.36853114889834,0.9,0.21,0.29,0,0.854
41.90519671799546,-87.65673301882823,0.3,0.71,0.51,10,0.316
29.423479559636437,-98.52594719679945,0.4,0.92,0.8,9,0.27
32.778973282938196,-96.82495137909298,0.3,0.83,0.99,14,0.214
33.441154101835856,-112.10535617378557,0.85,0.85,0.46,18,0.5935
37.042541912674416,-95.68204155264331,0.9,0.92,0.4,8,0.6
37.05078914269934,-95.72498747408332,0.3,0.76,0.66,16,0.281
29.377242918568673,-98.53781573234366,0.85,0.97,0.46,12,0.5335
33.462041041126376,-112.02708973698591,0.3,0.81,0.85,15,0.24
29.405535598107633,-98.45522141150366,0.2,0.06,0.32,21,0.487
37.090857069116474,-95.66722477168047,0.7,0.88,0.66,12,0.451
40.753556647392614,-73.95650921773536,0.7,0.92,0.09,7,0.5465
37.06492922291489,-95.74261047507804,1.0,0.73,0.66,11,0.6385
40.703838292303566,-74.01637579810973,0.3,0.34,0.25,21,0.4775
32.8022551138543,-96.77117615242959,0.3,0.36,0.0,22,0.54
37.06287981654916,-95.69039793819462,0.85,0.71,0.75,11,0.555
33.40609799098288,-112.10861040936601,0.4,0.99,0.77,16,0.257
40.69177514529138,-73.97441668750093,0.4,0.66,0.78,15,0.338
33.4145221287254,-112.10155594281633,0.5,0.08,0.08,3,0.718
32.81966976523425,-96.82461823851773,0.85,0.07,0.83,20,0.733
29.79121203795644,-95.36610255771066,0.2,0.96,0.45,15,0.2125
32.79004037565104,-96.78770600651583,0.3,0.86,0.52,8,0.297
37.12714605901878,-95.70199137921621,0.4,0.66,0.93,14,0.3155
37.12036720768992,-95.75085131626022,0.6,0.78,0.84,18,0.429
37.058657005888605,-95.67225391373695,0.5,0.25,0.0,3,0.6875
34.091455899848995,-118.26713999574113,0.8,0.63,0.55,19,0.61
37.09393422419157,-95.74704850787171,0.6,0.95,0.53,15,0.403
29.791144015516405,-95.3309251920131,0.5,0.92,0.09,6,0.4465
29.46370912999235,-98.44803485017702,0.3,0.2,0.09,0,0.5865
37.07180034749719,-95.67378723827345,0.85,0.99,0.44,16,0.5315
40.67380519245277,-73.97504839252751,0.8,0.77,0.68,9,0.5255
40.685593516254194,-73.9904758019361,1.0,0.39,0.26,23,0.8435
37.08271077886263,-95.70491426293908,0.3,0.87,0.76,13,0.2385
40.74460147659225,-74.04730132400886,0.2,0.85,0.24,6,0.2915
37.12607305832564,-95.71915467869293,1.0,0.07,0.03,22,0.958
32.727395213053114,-96.80973114829877,0.4,0.95,0.97,15,0.237
29.425174730257755,-98.51762462162397,0.85,0.77,0.9,9,0.5175
32.768441100314874,-96.77465798863113,1.0,0.66,0.88,12,0.623
39.92481078104707,-75.16561242649212,0.7,0.61,0.89,16,0.484
33.41038653673337,-112.11589537840923,0.8,0.82,0.96,10,0.471
29.40786151714036,-98.52158167980502,0.5,0.81,0.73,12,0.358
37.134290970391255,-95.69167412363403,0.2,0.29,0.07,0,0.517
39.93492029320207,-75.20758691405096,0.85,0.96,0.77,18,0.5195
33.45027906217434,-112.03887930859513,0.8,0.63,0.85,13,0.535
37.11030189588952,-95.7104853472986,0.8,0.89,0.84,15,0.4715
39.93896296023792,-75.16714134226733,0.6,0.07,0.18,0,0.7555
32.82387820827209,-96.78775922153405,0.9,0.34,0.02,2,0.862
37.136244729494216,-95.67753190340748,0.3,0.93,0.13,6,0.338
39.927778229582536,-75.18041907920978,0.85,0.82,0.95,12,0.4975
39.952324850589235,-75.1473983847441,0.5,0.88,0.75,12,0.3375
37.07008783098168,-95.70342680360041,0.4,0.73,0.72,12,0.3295
39.93108404943774,-75.18849717298306,0.2,0.79,0.56,9,0.2385
41.83178869473546,-87.59193700136449,0.3,0.33,0.13,0,0.548
34.06315643339799,-118.21395739783931,0.6,0.78,0.94,10,0.384
41.87836790232289,-87.61395481653416,0.9,0.74,0.23,6,0.6705
32.731847875125,-96.76194182709057,0.6,0.8,0.87,18,0.4195
29.738264646423662,-95.33307057990402,0.6,0.33,0.16,0,0.6935
39.99342658859666,-75.14436370232849,0.6,0.73,0.22,6,0.5245
32.750656189066696,-96.76329866716362,0.3,0.67,0.55,11,0.32
34.01668948720912,-118.22395285383307,0.85,0.28,0.25,1,0.8175
32.77564527602775,-96.77898592282396,0.3,0.33,0.15,22,0.525
32.82526504541106,-96.78513886217848,0.2,0.64,0.15,7,0.3575
41.85230552715115,-87.60452833604424,0.9,0.7,0.79,16,0.5765
37.10721355474059,-95.74413948947068,0.9,0.66,0.96,17,0.561
37.116161961532875,-95.6719129240801,0.9,0.74,0.44,12,0.619
40.686563754399245,-73.96881564722548,0.3,0.18,0.29,2,0.5615
29.446921634861184,-98.54067527169654,0.3,0.9,0.1,6,0.35
33.435178313271926,-112.04141832494352,0.4,0.26,0.16,0,0.611
32.78993058305936,-96.83411301325265,0.5,0.85,0.41,9,0.396
41.89145297107609,-87.64628811457409,0.2,0.14,0.11,4,0.5485
37.09357746840748,-95.68564917437084,0.85,0.94,0.7,18,0.535
37.04902897700544,-95.74392401039516,0.5,0.19,0.02,0,0.6995
37.123530249558925,-95.67820329758808,0.9,0.39,0.17,1,0.827
34.034278006497175,-118.21048658220423,0.7,0.85,0.96,10,0.4135
34.020851851039986,-118.24295322662392,0.7,0.65,0.46,8,0.5585
37.04407751415548,-95.75936141282831,0.3,0.27,0.27,4,0.542
33.457489294318826,-112.0952961866825,0.3,0.13,0.65,20,0.47
29.441856436184228,-98.48190730816242,0.8,0.87,0.79,13,0.484
34.003858782892785,-118.19558138219726,0.9,0.03,0.09,5,0.929
29.76160930582993,-95.35661864729833,0.6,0.67,0.5,14,0.4775
32.749349577519794,-96.82101964189359,0.6,0.34,0.06,5,0.706
33.462917279040944,-112.06059942969004,1.0,0.69,0.44,11,0.6815
40.6802366429005,-74.00200146202842,0.5,0.93,0.51,19,0.391
39.971693773810244,-75.13721546048488,0.4,0.71,0.8,18,0.3525
37.078673534630056,-95.74930193611729,0.85,0.86,0.93,9,0.4905
37.13367299887368,-95.68389720974979,0.6,0.88,0.89,11,0.3665
32.7404520944146,-96.79287334213238,0.6,0.81,0.81,17,0.396
32.76080663510503,-96.7507007996141,0.4,0.72,0.47,18,0.3995
29.385447352124057,-98.50941278339613,0.85,0.09,0.1,22,0.8675
39.99506936182785,-75.1519378106866,0.7,0.01,0.11,21,0.781
37.1277339353381,-95.66679718944899,0.85,0.72,0.55,10,0.5825
37.06579416277152,-95.74974902720092,0.9,0.86,0.71,8,0.5685
34.068198404603415,-118.19997715127636,0.85,0.38,0.19,22,0.7815
29.792122220020122,-95.35101142776992,0.3,0.95,0.61,19,0.271
33.45392008115994,-112.11721629408949,0.6,0.31,0.12,22,0.6845
40.715765057835604,-74.02590364330531,0.5,0.92,0.9,17,0.305
37.06418522909005,-95.68918279113547,0.2,0.87,0.87,15,0.172
32.73601027678059,-96.84026493985311,0.5,0.1,0.11,22,0.6885
41.91782157579534,-87.62158295398237,0.4,0.96,0.95,13,0.2375
34.092241805716334,-118.2591116943047,0.4,0.27,0.33,2,0.583
41.89141014572733,-87.61770844822325,0.85,0.22,0.6,20,0.73
33.43230297910487,-112.11942579661874,0.2,0.64,0.61,10,0.2685
32.76162095746126,-96.75984631938476,0.4,0.18,0.18,5,0.628
29.782995567887024,-95.32245110308226,0.6,0.18,0.33,22,0.6855
29.800111025995257,-95.32291221447143,0.4,0.35,0.31,4,0.566
41.91680864242652,-87.60483481682571,0.5,0.82,0.46,13,0.396
33.47638755458576,-112.11099137598694,0.5,0.15,0.14,4,0.6915
29.438303164615427,-98.46777368040709,0.8,0.99,0.73,10,0.463
29.718813996499506,-95.41734130835411,0.3,0.04,0.18,1,0.613
40.67896287140946,-74.0537876448471,0.4,0.77,0.52,14,0.3495
33.48825541885271,-112.09163897808504,0.5,0.62,0.92,16,0.377
33.45904290596596,-112.07513568095953,0.2,0.3,0.24,2,0.489
29.711319705161664,-95.34275925821922,1.0,0.37,0.29,23,0.844
39.9127471542866,-75.14687046233935,0.85,0.11,0.3,5,0.8525
37.10635017691081,-95.71540972936232,0.8,0.94,0.85,18,0.4875
40.66330615838462,-74.02863733337183,0.8,0.72,0.15,7,0.6375
32.74278080514175,-96.74728754998422,0.8,0.96,0.77,8,0.4845
37.09487337893666,-95.7173818697764,0.6,0.3,0.06,21,0.666
40.73198951976927,-74.01086129756703,1.0,0.92,0.24,6,0.674
40.72799612595026,-74.03963761788083,0.6,0.61,0.51,10,0.491
37.06242693094606,-95.680519045125,0.85,0.99,0.82,10,0.4745
29.781617922134753,-95.35043177742185,0.4,0.29,0.08,1,0.6155
29.73412490874968,-95.39772303872113,0.4,0.12,0.47,20,0.5495
29.406639969815927,-98.53536189543841,0.2,0.33,0.06,2,0.5085
34.076849140511804,-118.22565006979254,1.0,0.11,0.0,5,0.9725
40.72776328990472,-73.99054887857189,0.6,0.95,0.83,12,0.358
34.087122341049415,-118.26637404730019,0.7,0.05,0.26,2,0.7985
32.79246128923003,-96.75191364377496,0.4,0.88,0.71,18,0.3235
29.767230860333548,-95.4046942108219,0.7,0.82,0.5,16,0.49
41.83746747678281,-87.63656651989574,0.5,0.64,0.03,6,0.5255
37.076771580305945,-95.66563840798324,0.7,0.7,0.41,11,0.5335
34.02872023676817,-118.25172726830739,0.3,0.0,0.06,2,0.641
40.68719896433791,-73.9921474052336,0.2,0.79,0.93,15,0.183
29.807701055475246,-95.38004056020372,0.4,0.12,0.08,0,0.658
34.041509772466675,-118.26627847976513,1.0,0.24,0.12,22,0.902
40.752004655517716,-73.95760223520402,0.2,0.12,0.04,23,0.544
34.06531386259972,-118.2527665993685,1.0,0.72,0.53,17,0.6605
37.11948113035417,-95.67059007963208,1.0,0.3,0.18,4,0.898
32.776963709310515,-96.8240045394109,0.2,0.62,0.76,14,0.251
41.88579038846264,-87.65848952959749,0.85,0.36,0.09,4,0.8215
34.051451769381885,-118.29058659171156,0.7,0.34,0.02,22,0.742
41.847624298779806,-87.61463331746242,0.8,0.87,0.63,10,0.508
32.798945211526146,-96.81014736562761,1.0,0.24,0.08,1,0.928
40.690877236244084,-73.96956417501603,0.4,0.36,0.08,0,0.598
37.04243159664315,-95.71267900933084,0.85,0.07,0.34,23,0.8365
29.77494722959072,-95.32298065720853,0.8,0.63,0.77,11,0.547
32.7444110679407,-96.82844744842969,0.5,0.1,0.19,0,0.6965
34.09624585843529,-118.20683768320444,0.85,0.92,0.65,13,0.5175
41.92349285770026,-87.60214031472083,0.8,0.01,0.15,4,0.875
37.13148643902205,-95.68290781553559,1.0,0.83,0.19,6,0.704
39.93961587002554,-75.1307216771883,0.7,1.0,0.82,19,0.427
37.04154566165289,-95.6838976009057,1.0,0.94,0.25,7,0.6675
29.46693185625877,-98.48097796783686,0.2,0.81,0.5,19,0.2725
39.94541841483173,-75.20207551223176,0.5,0.63,0.7,18,0.4375
34.09886548190437,-118.29044738205089,1.0,0.93,0.65,19,0.62
39.998961997708925,-75.12311521521843,0.6,0.84,0.3,7,0.485
29.459400945546736,-98.48193496854793,0.4,0.65,0.78,10,0.3405
37.06944488920696,-95.68034627090238,1.0,0.64,0.72,17,0.652
41.866609772860194,-87.63164776484875,0.6,0.36,0.04,3,0.704
40.747913667151686,-74.04426918110376,0.85,0.27,0.21,3,0.826
33.430092200515624,-112.11148142077974,0.6,0.33,0.04,22,0.6915
40.67974927466861,-73.9874434712771,1.0,0.95,0.6,13,0.5925
40.71848012624584,-74.01296941051005,0.7,0.23,0.05,4,0.785
32.820315477416074,-96.82694752732996,0.8,0.21,0.24,22,0.7915
40.7324029796675,-74.00684054532586,0.6,0.77,0.52,12,0.4495
37.09700611700894,-95.75357910629248,0.8,0.73,0.64,14,0.5415
34.011917649377075,-118.23550285980856,0.85,0.17,0.94,20,0.6915
29.77190072266992,-95.39290065955649,0.6,0.91,0.52,10,0.4145
33.497405385010424,-112.04424408993629,0.4,0.84,0.7,13,0.305
32.74070840152365,-96.81596380410764,0.5,0.36,0.15,3,0.6375
37.09183296523638,-95.71447798509182,0.9,0.78,0.41,11,0.6135
32.81443730719279,-96.84583794600918,0.85,0.24,0.28,23,0.803
34.07627686177542,-118.28645531122055,0.4,0.85,0.02,7,0.4245
32.79640157409953,-96.80775064435933,0.7,0.84,0.68,18,0.488
33.468648408398714,-112.07600611652829,0.8,0.28,0.2,0,0.8
41.86404911512198,-87.61979794518807,0.6,0.69,0.22,7,0.5345
33.42775918442645,-112.09483374212907,0.85,0.8,0.81,15,0.5235
29.455036115547852,-98.47410181138734,0.9,0.04,0.09,5,0.9265
39.98361133946791,-75.12918776028108,0.7,0.75,0.41,12,0.521
37.12670723185801,-95.68201490111066,0.7,0.8,0.83,16,0.4455
40.75412405525565,-74.05203811746516,0.7,0.86,0.72,13,0.447
34.05333423988609,-118.24564930527423,0.9,0.98,0.9,18,0.52
39.952751629468715,-75.20470698215819,0.2,0.24,0.29,23,0.4765
34.08202951789668,-118.26949549841375,0.85,0.9,0.91,18,0.5135
41.893096393077776,-87.5811337406733,0.6,0.2,0.17,4,0.7245
37.110196687725775,-95.74575044570985,1.0,0.85,0.6,8,0.6375
34.081779266943606,-118.24381118465487,0.9,0.03,0.28,23,0.8805
29.463100534181756,-98.48178442656818,0.8,0.1,0.67,20,0.7245
34.035999515685155,-118.22345350294559,0.8,0.14,0.06,22,0.836
33.435958295263994,-112.0680351316513,0.3,0.19,0.91,20,0.416
41.83749819398409,-87.67882291525808,0.6,0.62,0.93,10,0.4255
39.96042801409961,-75.1825538691756,0.8,0.66,0.68,10,0.553
29.377694227379674,-98.49182883566154,0.85,0.71,0.45,13,0.6
41.87465980181325,-87.67101335008552,0.2,0.99,0.63,18,0.208
40.717064463470756,-74.02093730687908,0.3,0.13,0.28,2,0.5755
40.69145412521283,-74.05267968912086,0.6,0.79,0.94,18,0.4115
39.9616833260569,-75.2073421502845,0.5,0.08,0.07,4,0.7195
29.377150024993906,-98.50390767237984,0.6,0.84,0.44,18,0.474
34.00593481887492,-118.2804284245957,0.6,0.11,0.31,2,0.726
32.80896005606596,-96.79024591517384,0.7,0.08,0.14,2,0.809
29.410119064141124,-98.47465350308627,0.85,0.81,0.19,7,0.634
37.05270605126519,-95.67994133008908,0.8,0.0,0.34,21,0.799
39.95482432600548,-75.19518497557551,0.9,0.0,0.44,20,0.834
39.97959935530986,-75.1984517417741,0.7,0.69,0.79,10,0.479
41.84968210274969,-87.66934321596656,0.5,0.01,0.03,5,0.743
40.7250890475819,-73.99235697504564,0.7,0.04,0.13,4,0.8205
41.83663474649938,-87.60915242735132,0.2,0.14,0.28,2,0.523
39.90776817211686,-75.21204138551744,0.5,0.32,0.15,3,0.6475
29.427235463156816,-98.44997877537563,0.2,0.23,0.35,0,0.49
32.78076351216101,-96.84180287163485,1.0,0.21,0.2,1,0.9175
41.891842990149826,-87.62567036646989,0.5,0.72,0.11,7,0.4935
40.735409133372265,-73.98509394805491,0.3,0.37,0.08,2,0.5455
29.47168520794625,-98.45650308762539,0.2,0.16,0.12,0,0.542
41.879730034830125,-87.60839130678676,0.9,0.03,0.13,3,0.923
29.406395647294122,-98.46342719169301,0.4,0.25,0.02,0,0.6345
29.45361861947687,-98.50965498074572,1.0,0.65,0.62,16,0.6645
37.06708322512621,-95.67851748862535,0.8,0.14,0.16,21,0.791
32.770597142070564,-96.83898851536154,0.4,0.2,0.25,3,0.6125
33.40624563813422,-112.03451833439395,0.8,0.95,0.23,6,0.568
41.83063507434155,-87.62504076238463,0.9,0.2,0.25,2,0.8625
34.098464841467795,-118.21197022300376,0.85,0.28,0.0,1,0.855
40.74639801205122,-74.01076817154816,0.5,0.4,0.08,23,0.618
39.97219742060937,-75.15084223048035,0.3,0.65,0.8,14,0.2875
39.943495294441426,-75.16255973390639,0.6,0.71,0.69,18,0.469
40.680129432007085,-73.98284104782446,0.8,0.16,0.0,3,0.86
29.389743704267108,-98.53543700179694,0.3,0.17,0.28,22,0.5455
34.02722428981646,-118.28766479160095,0.5,0.76,0.86,12,0.351
32.78162266647061,-96.82228967659898,0.7,0.96,0.19,7,0.5215
41.89955959227001,-87.66384553198868,0.4,0.29,0.02,0,0.6245
32.792719737671774,-96.75982164334077,0.6,0.84,0.86,18,0.411
40.6907933896946,-74.0340786012642,0.85,0.72,0.75,16,0.5525
37.13548652806632,-95.66241347441807,0.9,0.93,0.87,8,0.527
39.976389691669574,-75.18151042082289,0.4,0.98,0.85,8,0.2675
37.095435405251145,-95.74178820843112,1.0,0.93,0.88,10,0.5555
29.435272074623434,-98.46463014928575,0.5,0.0,0.18,1,0.723
29.416060006242777,-98.47772922244991,0.2,0.25,0.05,4,0.53
39.92737309895011,-75.16538042835468,0.5,0.02,0.23,23,0.6905
39.93819726786512,-75.15966364490623,0.5,0.7,0.77,11,0.3795
40.73858461104644,-73.98407982217277,0.9,0.62,0.85,10,0.5875
40.66423934886298,-74.03315452586688,0.7,0.84,0.5,13,0.485
32.73830726405069,-96.74736660839432,1.0,0.87,0.07,6,0.712
40.66740026420218,-73.95852068378532,0.4,0.05,0.31,4,0.641
33.4024728802319,-112.0589674313653,0.7,0.75,0.85,18,0.485
40.748346058401104,-74.03604575490708,0.9,0.78,0.94,18,0.564
33.468765785938004,-112.05597717575687,0.4,0.75,0.86,16,0.3035
32.77411738290873,-96.83978015910208,1.0,0.05,0.21,22,0.936
40.6725834160651,-74.05293474977942,0.8,0.77,0.79,10,0.509
41.87726158751169,-87.65403171114887,0.8,0.3,0.31,1,0.7785
32.77404717707805,-96.80073770432607,0.6,0.63,0.75,15,0.45
39.919920186991,-75.12837274945916,0.4,0.63,0.78,12,0.3455
37.083385164923804,-95.68728309302337,0.7,0.74,0.49,18,0.5415
32.766550473439736,-96.77272934788,0.6,0.98,0.68,14,0.373
32.78828500980522,-96.80445066655518,0.3,0.87,0.25,6,0.335
33.46190936508676,-112.0894065007453,0.2,0.87,0.56,17,0.2185
41.83263040097721,-87.64269612370154,0.7,0.14,0.07,3,0.8045
29.74786126146265,-95.3210350436264,0.85,0.84,0.59,17,0.5465
29.436685991571423,-98.53958908085875,0.2,0.0,0.54,20,0.469
32.777013625858004,-96.76029685038775,0.4,0.25,0.08,3,0.6255
32.81234898411883,-96.78913245914276,0.3,0.37,0.15,21,0.485
41.8939693631619,-87.63593845808104,0.85,0.85,0.94,8,0.5115
29.726693442708143,-95.34727423395849,0.85,0.35,0.18,5,0.8105
37.04705687474004,-95.71133310585752,0.7,0.29,0.51,20,0.651
37.10424192782064,-95.67265767619183,0.5,0.65,0.45,8,0.46
41.830751131054164,-87.58972981359888,0.6,0.96,0.82,13,0.357
32.78527755812735,-96.80482790731266,0.4,0.03,0.13,23,0.653
39.996623024142494,-75.18751722027649,0.7,0.81,0.89,18,0.464
39.96014741778758,-75.15596496714066,0.4,0.66,0.8,10,0.335
33.43721699262065,-112.03276366543832,0.8,0.6,0.88,15,0.538
39.966928821844235,-75.19413378109944,0.9,0.17,0.1,22,0.8725
33.44422528904915,-112.06170334164365,0.8,0.12,0.24,4,0.834
39.95716167893159,-75.15204397799074,0.6,0.19,0.09,0,0.739
41.922246480877654,-87.60648869775848,0.85,0.83,0.96,12,0.4935
39.94121026378007,-75.20204323148727,1.0,0.02,0.78,20,0.828
32.82281905638239,-96.77541750353178,0.6,0.65,0.59,8,0.489
32.81723506419561,-96.75609674793343,0.7,0.22,0.56,20,0.661
29.393679113478928,-98.52563168911297,0.6,0.14,0.07,0,0.7545
29.717336130087517,-95.39604566750761,0.6,0.29,0.24,3,0.6915
32.73677780013774,-96.74986049059584,0.6,0.26,0.08,0,0.723
37.041822182565156,-95.74190230472904,1.0,0.34,0.76,20,0.751
41.8375442960756,-87.59436149066305,0.6,0.88,0.56,18,0.446
37.10830067734164,-95.71077221435519,0.85,0.17,0.23,22,0.828
33.40551886484602,-112.09927689255969,0.7,0.87,0.89,8,0.439
37.07189756302938,-95.67292500987274,0.3,0.71,0.87,12,0.262
40.747287531096944,-74.01146947449973,0.9,0.72,0.86,16,0.561
41.830427193573584,-87.62831826460703,0.3,0.32,0.07,1,0.5595
29.455546848258894,-98.50767666306002,0.8,0.78,0.45,8,0.5775
29.73858547747734,-95.3605049148565,0.4,0.32,0.24,21,0.534
33.410216482762166,-112.1076476127415,0.2,0.93,0.62,13,0.1945
33.468073716536416,-112.08489184633483,0.3,0.94,0.66,15,0.236
33.46129428467799,-112.02705876776648,0.85,0.97,0.01,6,0.621
41.91584720135271,-87.65398665672988,0.85,0.77,0.56,9,0.5685
41.90160710438039,-87.61412633354587,0.85,0.73,0.42,19,0.6295
37.12034809303849,-95.72748099357753,0.2,0.83,0.93,12,0.173
37.068203457257134,-95.68265268743133,0.4,0.75,0.09,7,0.439
39.92034395437797,-75.20211263392817,0.2,0.24,0.2,22,0.49
29.785461475164087,-95.32281789549215,0.9,0.28,0.01,0,0.8785
39.983283473926726,-75.16982104586164,0.4,0.88,0.8,8,0.3
37.13905051420007,-95.73639495366535,0.9,0.15,0.11,0,0.896
29.41536176769114,-98.536250325267,0.5,0.67,0.31,6,0.476
37.07720180857928,-95.74302420949124,0.85,0.17,0.31,4,0.836
29.7880412960742,-95.3678226051444,0.5,0.66,0.6,13,0.415
40.6968803540253,-74.02229968235687,0.2,0.36,0.94,20,0.319
39.99567573256035,-75.13231166341174,0.85,0.74,1.0,14,0.51
29.7962412751843,-95.37671124763382,0.8,0.66,0.29,7,0.6315
32.7695994027375,-96.82212857274124,0.85,0.01,0.3,4,0.8775
39.97768710677914,-75.1534855013396,0.9,0.86,0.55,15,0.5725
29.449554287408468,-98.47292227831146,0.8,0.25,0.2,1,0.8075
29.384412386883593,-98.5268958092099,0.85,0.74,0.44,13,0.594
40.75305529066796,-74.03923807837117,0.8,0.03,0.03,22,0.868
37.09052523724479,-95.75633285730665,1.0,0.16,0.35,22,0.8875
37.12264574661078,-95.68635979849343,0.3,0.72,0.6,15,0.3
40.69480496010306,-73.98961954723782,0.3,0.87,0.85,8,0.245
40.752352322849624,-74.00853691242501,0.8,0.24,0.28,0,0.798
34.041120167873416,-118.20928295510308,0.9,0.75,0.91,11,0.546
29.71148376514803,-95.33923298470499,0.85,0.09,0.35,1,0.85
37.13053819764193,-95.70146456356032,0.85,0.4,0.08,5,0.813
39.91172866767861,-75.12837287194867,0.6,0.78,0.42,15,0.462
34.03413136375904,-118.27311587899632,0.7,0.28,0.14,4,0.759
39.99760619670508,-75.20400803806022,1.0,0.66,0.48,9,0.683
32.82176071469375,-96.8200250388483,0.9,0.79,0.41,17,0.611
34.05954378881233,-118.28799131439108,0.7,0.01,0.13,0,0.828
29.77358372121698,-95.3666830471999,0.5,0.8,0.87,12,0.3395
32.77154455219783,-96.7533394307705,0.7,0.99,0.74,10,0.4115
34.031521077169806,-118.28976564593316,0.6,0.15,0.11,23,0.726
40.69566645453699,-74.04378900859899,0.7,0.62,0.23,7,0.6005
40.730051845607704,-74.01078009717166,0.3,0.01,0.54,20,0.5165
37.115237452943774,-95.6666124982472,0.3,0.16,0.01,0,0.6085
37.119157904372585,-95.72838438950232,0.6,0.66,0.86,11,0.426
29.453061814279454,-98.49287651913116,0.5,0.61,0.77,10,0.402
33.40752061030487,-112.11984271409496,0.8,0.9,0.86,13,0.466
41.87754203047026,-87.66496567990379,0.2,0.18,0.01,3,0.5535
32.732455876001666,-96.7483369877041,0.9,0.12,0.29,23,0.8565
41.88305288823238,-87.5832881303564,0.2,0.36,0.22,4,0.477
39.94675305013733,-75.21470600190656,1.0,0.65,0.2,6,0.7475
39.99137041827583,-75.12001882145768,0.6,0.98,0.77,18,0.3895
29.74549150125521,-95.35588800621845,1.0,0.73,0.3,7,0.7125
33.41010670164276,-112.037208170548,0.2,0.36,0.21,21,0.4285
29.724699168205284,-95.37432601443662,0.7,0.24,0.2,0,0.76
29.450251063171745,-98.49204039714208,1.0,0.33,0.35,22,0.845
29.435921806331624,-98.49471534197431,0.85,0.39,0.26,23,0.7685
39.91271226761228,-75.14851357424538,0.2,0.72,0.15,6,0.3375
41.836510680611504,-87.66583487452438,0.3,0.38,0.25,1,0.5175
37.11009691314592,-95.75700264101273,0.4,0.76,0.63,17,0.3355
34.00947630063642,-118.26290700584089,0.9,0.15,0.08,4,0.9005
34.084386005929034,-118.22323192372635,0.85,0.14,0.21,22,0.8385
34.072824222715646,-118.2735146547877,0.85,0.22,0.32,21,0.772
32.73483487806419,-96.7796567566675,1.0,0.66,0.96,18,0.641
41.83658377140852,-87.58280879538927,0.85,0.22,0.12,5,0.852
29.472763957850116,-98.53420992842106,0.85,0.22,0.18,3,0.843
34.03962707957561,-118.22643978817749,1.0,0.9,0.53,12,0.6155
34.03926421470669,-118.24932497806955,0.3,0.93,1.0,9,0.1875
37.12127995672575,-95.67318577456224,0.2,0.78,0.99,12,0.1765
37.13472485773839,-95.74228502105525,0.85,0.12,0.23,21,0.8105
34.10080010638229,-118.22443740477739,0.3,0.7,0.88,15,0.263
33.47373781852589,-112.0401884710352,0.8,0.68,0.83,8,0.5455
41.86572595855309,-87.5853385780526,0.4,0.62,0.21,7,0.4535
39.910950071669866,-75.14687519717103,0.2,0.74,0.43,18,0.3005
41.905814691592745,-87.63008252359916,0.4,0.71,0.67,10,0.342
33.45424042497358,-112.06221527597988,0.9,0.99,0.8,19,0.5325
39.9450222009247,-75.12830950155212,0.4,0.22,0.24,0,0.609
41.91873543850948,-87.62273902533612,0.8,0.14,0.13,3,0.8455
29.721519748230616,-95.41676129403031,1.0,0.83,0.97,9,0.567
29.759662510429088,-95.3267051304493,0.5,0.06,0.06,5,0.726
39.90373536447674,-75.14624732489685,0.6,0.78,0.7,13,0.42
39.949466064199406,-75.14754866142228,0.8,0.25,0.24,23,0.7815
29.716030327568184,-95.39823248476023,1.0,0.8,0.82,14,0.597
37.05188179162681,-95.69411145297673,0.8,0.76,0.79,17,0.5115
37.05175262467771,-95.72061355943458,0.6,0.4,0.1,1,0.685
33.4633210302116,-112.05887670229585,0.6,0.35,0.05,21,0.655
37.11460448792655,-95.7493406969692,0.8,0.25,0.22,4,0.8045
29.768736876509717,-95.35401546953969,0.4,0.23,0.21,1,0.611
33.494617254847455,-112.02405862742293,0.3,0.85,0.51,12,0.281
39.94008705795237,-75.21037879611394,0.6,0.68,0.82,8,0.447
40.69137120862819,-73.95828258157786,0.6,0.76,0.67,14,0.4295
33.48525991281895,-112.08330920392771,0.9,0.62,0.8,10,0.595
37.06235958385195,-95.67292465496627,0.9,0.19,0.29,21,0.809
37.136322253944066,-95.68176145159417,0.85,0.22,0.06,22,0.841
32.72791544746898,-96.79029837390134,0.5,0.09,0.01,1,0.726
32.82368788267076,-96.77315507907487,0.8,0.99,0.87,19,0.472
40.66711599119506,-73.96814844386986,0.6,0.36,0.21,3,0.6785
29.463214311369807,-98.5031859678349,0.5,0.29,0.24,3,0.6415
37.09277011090863,-95.72729668384368,0.5,0.81,0.9,15,0.3325
29.473396479611928,-98.47684066144365,0.5,0.95,0.88,8,0.3205
29.71777965647354,-95.33901540580587,0.85,0.05,0.34,5,0.8615
40.71818542844014,-73.97977148652234,0.5,0.92,0.72,16,0.332
37.136930253561914,-95.68021863511413,0.6,0.05,0.69,20,0.634
29.426409784417014,-98.5000416685187,0.3,0.92,0.64,14,0.244
39.965539863813525,-75.1334165783825,1.0,0.11,0.05,1,0.965
32.79627486889846,-96.83497909446294,0.3,0.95,0.74,10,0.2215
29.419554106476777,-98.48915109020392,0.3,0.98,0.57,16,0.2395
29.773155808008408,-95.41922413395018,0.9,0.66,0.95,13,0.5625
41.88653143119231,-87.64734141700998,0.6,0.79,0.75,15,0.41
41.9182158010491,-87.64315384651286,0.8,0.99,0.21,6,0.561
34.00674463803414,-118.25408273083907,0.8,0.19,0.12,2,0.8345
37.06809631895923,-95.69045327933101,0.3,0.95,0.43,14,0.268
34.097241148407655,-118.25484418987297,0.9,0.84,0.01,6,0.6785
34.09122637838909,-118.24883063773775,0.8,0.15,0.15,2,0.84
34.04776567527857,-118.26994558691257,0.6,0.71,0.45,13,0.475
29.436113259780154,-98.50627482083706,0.85,0.68,0.76,11,0.561
40.690538118298115,-74.03327303727369,0.3,0.3,0.31,0,0.5285
29.392912115972376,-98.53628040762315,1.0,0.15,0.31,23,0.896
32.773069840493996,-96.78665514066186,0.8,0.2,0.23,3,0.8155
37.07533522280261,-95.69317872014449,0.9,0.2,0.07,3,0.8895
41.88646561118509,-87.61785096539904,0.3,0.23,0.3,4,0.5475
37.0477734636965,-95.71365059561994,0.7,0.95,0.93,10,0.393
32.82413948076662,-96.80902142198208,0.5,0.99,0.52,17,0.3445
29.47272107444796,-98.45726663504281,0.2,0.76,0.84,17,0.204
40.73261617140198,-74.00409182148638,0.2,0.93,0.57,14,0.202
37.09360963663442,-95.71208181223702,0.85,0.91,0.88,13,0.4855
29.741352761628633,-95.41723579341935,0.9,0.83,1.0,16,0.5125
41.9094795019707,-87.64567521723738,0.9,0.98,0.42,11,0.562
41.89657311725539,-87.64178043812142,0.4,0.68,0.94,17,0.309
33.41466169393449,-112.0841177219103,1.0,0.64,0.77,14,0.6445
34.09329271844938,-118.23568276307726,0.3,0.94,0.98,12,0.188
34.08445372429232,-118.24033974532732,0.4,0.18,0.16,2,0.631
34.09717999132919,-118.23290949072066,0.2,0.94,0.91,16,0.1485
29.782971950838835,-95.34331167384579,0.6,0.96,0.44,19,0.444
37.10134151959358,-95.67870142612838,0.85,0.62,0.6,11,0.6
39.944424303629056,-75.14338769237735,0.8,0.35,0.02,1,0.8095
32.8199728483354,-96.7514476304045,0.7,0.78,0.99,18,0.4565
37.126606388950044,-95.75817674173236,0.8,0.2,0.29,5,0.8065
33.40292186701062,-112.10442220143165,0.3,0.85,0.91,8,0.241
29.713036697449727,-95.41904371250219,1.0,0.97,0.96,10,0.5335
32.7643463366878,-96.78225252858454,0.8,0.01,0.03,2,0.893
34.083255333078185,-118.203896945105,0.2,0.19,0.13,22,0.513
34.10092761293149,-118.26935177034237,0.85,0.88,0.44,17,0.559
33.41344168911035,-112.03129654552036,0.9,0.29,0.07,22,0.847
32.78611307153521,-96.84097326097104,0.4,0.88,0.54,12,0.319
34.040289085663105,-118.20025639731945,0.4,0.65,0.68,15,0.3555
37.13699143978146,-95.72483773127603,0.3,0.72,0.56,9,0.306
33.48261189231357,-112.11385791715507,1.0,0.14,0.04,22,0.939
41.91193287047112,-87.63121282408137,0.8,0.32,0.06,1,0.811
33.445269315979495,-112.09832234322795,0.6,0.71,0.05,7,0.555
29.751881950233766,-95.3913127098038,0.8,0.08,0.34,0,0.829
41.855440707193075,-87.64907100350737,0.4,0.98,0.86,17,0.246
37.045637549665095,-95.67969741021673,0.3,0.6,0.98,19,0.303
37.12647223762551,-95.70608387233247,0.5,1.0,0.66,19,0.351
33.479690100913004,-112.0928692300844,0.6,0.87,0.57,13,0.417
37.13997176732862,-95.6989666216689,0.9,0.93,0.88,16,0.5055
37.1396636837074,-95.68838493257768,0.4,0.12,0.11,21,0.6035
33.453943170560265,-112.09673759992664,0.2,0.61,0.58,11,0.2805
34.07909874151805,-118.25234508984747,0.8,0.9,0.54,18,0.544
33.492876572988244,-112.1118113906663,0.4,0.93,0.05,6,0.4
39.987564739067736,-75.19708506504654,1.0,0.3,0.09,2,0.9115
33.42313481017432,-112.0558882146035,1.0,0.66,0.61,8,0.6835
29.75545441353101,-95.40165616523043,0.6,0.3,0.24,2,0.689
37.05291594151515,-95.70748366163329,0.8,0.31,0.02,1,0.8195
40.758205102725874,-73.98509537382776,0.6,0.86,0.53,11,0.4255
39.96321746344508,-75.20451230769052,0.5,0.91,0.89,19,0.339
37.06286428055035,-95.7032687780371,0.5,0.94,0.49,15,0.3615
40.729970068440586,-74.03034372162986,0.2,0.85,0.61,15,0.216
37.101812824045794,-95.66370731247623,0.4,0.04,0.3,5,0.645
37.07581627180329,-95.711645435328,0.7,0.2,0.05,1,0.7925
41.839455759219966,-87.59920074502249,0.3,0.03,0.03,1,0.638
33.46555731955928,-112.06897734578438,0.6,0.76,0.69,10,0.4265
29.76243077009038,-95.41545874671452,0.6,0.76,0.58,19,0.473
29.787631839173564,-95.3564848624406,0.6,0.03,0.2,5,0.7625
40.7148163501112,-73.96085966577934,0.3,0.74,0.88,9,0.253
39.98781815003185,-75.15503881798537,1.0,0.04,0.05,22,0.9625
41.883290683877455,-87.59788111405733,0.85,0.92,0.75,17,0.5025
37.09609379715354,-95.67157935366515,0.8,0.38,0.18,0,0.778
40.750465360265835,-74.03319202280511,0.3,0.63,0.49,16,0.339
37.080348286621245,-95.73879551600918,0.5,0.38,0.22,1,0.622
37.053401522845064,-95.6989019011149,0.3,0.21,0.1,4,0.5825
37.04287826763134,-95.71889715301933,0.85,0.72,0.69,18,0.5915
29.44961372556736,-98.45961386971332,0.8,0.63,0.03,6,0.678
32.78873095513534,-96.7569976876602,0.4,0.2,0.16,3,0.626
32.79710797680992,-96.81165786206972,0.6,0.32,0.11,0,0.7035
29.39539641615089,-98.51991294410256,0.4,0.88,0.89,16,0.2665
29.387737147558678,-98.46554744847562,0.4,0.62,0.02,7,0.482
37.04145446656679,-95.73251939644518,0.85,0.63,0.65,11,0.59
34.03725875588066,-118.21143856814864,0.7,0.76,0.68,18,0.508
40.72179176868546,-74.01362617463512,0.4,0.12,0.25,1,0.6325
34.041424404509975,-118.22694501007086,0.3,0.09,0.2,0,0.5975
41.87184749220238,-87.67024646861654,1.0,0.71,0.8,17,0.6225
32.817115869449374,-96.78461406753235,0.6,0.32,0.27,3,0.6795
29.74522554670233,-95.37462323212627,0.3,0.37,0.3,4,0.5125
41.87949894891599,-87.62113915368245,0.6,0.76,0.59,10,0.4415
33.47676530127411,-112.10719857922551,0.8,0.96,0.72,13,0.472
37.079654278232134,-95.68631262550558,0.8,0.13,0.29,0,0.824
41.89030867002279,-87.59352029224569,1.0,0.19,0.99,20,0.754
34.088436370874675,-118.27202601999093,0.6,0.09,0.31,23,0.711
34.097152062365765,-118.28412854444798,0.85,0.26,0.13,23,0.8205
29.725107348092905,-95.41743614139537,0.7,0.99,0.52,15,0.4445
33.49105876251615,-112.05980284995567,0.6,0.24,0.17,21,0.6645
29.759611629307955,-95.35909059639113,0.7,0.74,0.26,6,0.566
33.424224438829896,-112.06933025872858,0.8,0.26,0.7,20,0.68
32.77261357562382,-96.82380529038839,0.85,0.05,0.17,22,0.867
37.13800325752855,-95.72090940040944,0.5,0.96,0.9,15,0.295
32.775961809399284,-96.78755236648138,0.85,0.8,0.62,9,0.552
32.75957516102875,-96.79732331411408,0.4,0.78,0.92,11,0.287
34.06554008543167,-118.19492144797852,0.85,0.83,0.64,8,0.5615
40.68681456187782,-74.04235602474432,0.85,0.25,0.11,4,0.846
37.04758633281087,-95.69048554459523,0.7,0.03,0.16,5,0.8185
29.723287972191066,-95.37936812318956,1.0,0.27,0.27,2,0.892
32.73950458389577,-96.80418003850744,0.7,0.1,0.04,22,0.799
34.01739026935123,-118.22194022343419,0.85,0.29,0.07,22,0.822
33.412282717264944,-112.05475638486756,0.3,0.93,0.97,14,0.192
40.72688747448032,-73.95687440062979,0.7,0.92,0.51,10,0.4635
40.68098800843992,-74.04316057105459,0.9,0.82,0.74,9,0.554
39.937166728332386,-75.20478903506158,0.5,0.21,0.2,0,0.6675
40.752478840990605,-73.98356611828713,0.8,0.06,0.17,2,0.8595
29.421496164026287,-98.48576130829936,0.4,0.91,0.79,15,0.274
34.0689557738521,-118.26628393334403,0.9,0.11,0.08,1,0.9105
37.05723198712017,-95.75205806310109,0.4,0.8,0.73,13,0.3105
40.68202890188087,-74.04743417504035,0.3,0.11,0.13,2,0.603
34.00628686162665,-118.20428091253359,0.6,0.05,0.23,3,0.753
40.67969350630722,-74.03681326752813,0.9,0.85,0.48,9,0.5855
40.690659033903195,-74.02366284378844,0.85,0.02,0.74,20,0.759
39.920301048427675,-75.1925343597773,0.9,0.3,0.06,22,0.846
40.67167025337571,-74.02050036941681,1.0,0.73,0.57,10,0.652
32.73876358711006,-96.84005761572539,0.5,0.6,0.53,9,0.4405
37.08607787680327,-95.70809402090917,0.6,0.8,0.51,12,0.4435
32.747333371840575,-96.84023874364078,0.8,0.02,0.29,2,0.8515
40.69922698610481,-73.97596434921776,0.2,0.71,0.57,15,0.257
33.44874172708548,-112.10062879180896,0.85,0.28,0.32,23,0.787
34.071239482862936,-118.23969880853956,0.85,0.03,0.34,22,0.8465
37.043931213984116,-95.67199209124385,0.85,0.34,0.2,4,0.81
39.982541039890904,-75.15011226309528,0.6,0.6,0.49,19,0.5265
29.773190038949092,-95.36650422134487,0.6,0.1,0.62,20,0.632
29.382275903194888,-98.51116662468846,0.7,0.9,0.88,8,0.433
29.797757862410677,-95.38649980869418,1.0,0.13,0.13,5,0.948
37.13208724005318,-95.69305130448018,0.2,0.64,0.45,19,0.3225
29.716507795985486,-95.32038606387788,0.9,0.14,0.19,23,0.8665
40.69048776481472,-73.98981608101506,0.3,0.71,0.91,15,0.256
40.743420127979306,-74.000221658263,0.8,0.94,0.88,18,0.483
37.11482596903837,-95.68693494897607,0.6,0.73,0.51,16,0.461
33.41685210193564,-112.07747943877163,0.6,0.32,0.24,21,0.634
40.68373493233367,-74.04998576573992,0.3,0.96,0.53,8,0.2705
34.039247210279136,-118.2374703184122,0.85,0.77,0.53,9,0.573
37.08845229851911,-95.66423747154946,0.9,0.36,0.31,1,0.8135
37.101825477153035,-95.74246970576422,0.5,0.75,0.55,10,0.4
33.43529136395698,-112.05499951091794,1.0,0.39,0.56,20,0.7685
29.756653471613316,-95.3997066311341,0.6,0.64,0.0,7,0.58
37.11474709381338,-95.70641723155269,0.5,0.87,0.92,11,0.3145
29.714068320289062,-95.41013235503533,0.8,0.2,0.28,1,0.808
33.4236436944344,-112.07896290637417,1.0,0.76,0.78,9,0.613
33.469734958588454,-112.04838366711047,0.5,0.85,0.85,9,0.33
39.99212068376872,-75.1804428475761,0.2,0.88,0.49,12,0.2265
40.713967744211566,-73.98950882755128,0.4,0.6,0.67,19,0.3995
40.716011348526536,-73.97645500392103,1.0,0.67,0.61,16,0.661
37.05071720113398,-95.66728221805205,0.5,0.29,0.03,3,0.673
34.04694123668234,-118.27023579181446,1.0,0.87,0.17,6,0.697
33.451661726645504,-112.08406840841907,0.6,0.99,0.95,15,0.33
34.02644705036347,-118.27845839866696,0.9,0.9,0.42,14,0.582
37.066924323094945,-95.66075164978416,0.9,0.98,0.57,18,0.5695
41.865828416310464,-87.58709990320757,0.2,0.88,0.52,15,0.222
39.90460711977777,-75.16120428697194,0.2,0.12,0.08,21,0.508
29.742607916558317,-95.33559667056235,1.0,0.64,0.32,7,0.732
29.731544800699655,-95.36770420227279,0.8,0.91,0.68,16,0.4905
29.40684973521779,-98.48124143119972,0.4,0.26,0.16,2,0.611
29.386076213181923,-98.5346875567884,0.7,0.62,0.86,18,0.516
37.129052728073994,-95.68447295795032,0.3,0.14,0.05,4,0.6075
32.7860592453554,-96.83422865163648,0.5,0.98,0.69,12,0.3215
40.73071023191445,-73.97339323697474,0.9,0.2,0.15,1,0.8775
29.453017123860732,-98.46539719123297,0.85,0.77,0.76,10,0.5385
37.08984421989291,-95.6891255302257,0.9,0.18,0.35,0,0.8525
37.048692028808745,-95.75638396194752,0.6,0.08,0.27,21,0.6895
29.764110654181856,-95.38948716440547,0.2,0.75,0.64,13,0.2365
39.96128411180209,-75.18888874300892,0.2,0.15,0.29,23,0.499
41.90264394741843,-87.64378635925286,0.3,0.62,0.06,7,0.426
40.70596595462297,-74.04723572532362,0.85,0.31,0.42,20,0.7345
40.67555803027956,-73.9623042176969,0.9,0.77,0.52,12,0.5995
37.06837759057988,-95.70461977592876,0.85,0.93,0.6,17,0.5225
40.69910822963986,-74.0254475689342,0.8,0.34,0.18,3,0.788
33.46299172413316,-112.08430184829257,0.9,0.08,0.22,22,0.877
37.097077830466894,-95.71527974594952,0.9,0.26,0.95,20,0.6925
37.075609672589785,-95.69994056666393,1.0,0.79,0.71,15,0.616
32.825351524879295,-96.79543205723034,0.5,0.95,0.7,13,0.3275
40.72337748193569,-73.96406080267856,0.7,0.09,0.02,5,0.8245
37.0637226791736,-95.71030365170941,0.85,0.87,0.42,18,0.5945
32.73687824726204,-96.74778419851766,0.6,0.84,0.73,9,0.4005
37.05528591391844,-95.67485750422549,0.3,0.72,0.66,9,0.291
41.85269577283845,-87.65894894856427,1.0,0.65,0.29,7,0.734
37.05606813732596,-95.66694047853561,0.9,0.86,0.5,15,0.58
29.72905670240513,-95.40816336021145,0.9,0.9,0.41,19,0.6135
29.738909516869384,-95.33805502915088,0.3,0.13,0.16,2,0.5935
39.91993735952947,-75.17713767065234,0.5,0.86,0.54,11,0.374
41.91777654246265,-87.59200256795549,1.0,0.76,0.43,13,0.6655
37.04802337456617,-95.67319433098925,0.4,0.29,0.25,21,0.54
41.88055113895703,-87.59920745998824,0.5,0.68,0.47,14,0.4295
29.751439682698965,-95.34079695636929,0.7,0.36,0.21,5,0.7285
40.000837861690854,-75.1847320860902,0.3,0.71,0.57,18,0.337
29.385303890216804,-98.53550807169488,0.2,0.15,0.5,20,0.4375
29.750185559904576,-95.37950198212349,0.9,0.02,0.13,4,0.9255
37.13694704332754,-95.74264754850134,0.85,0.64,0.88,8,0.573
34.088750712589395,-118.22420489110976,1.0,0.81,0.14,7,0.7165
29.79210720709493,-95.38519002734623,1.0,0.71,0.85,13,0.615
29.399890282704494,-98.44603897991401,0.7,0.93,0.48,8,0.4855
29.391188758739005,-98.47950279226546,0.8,0.61,0.86,13,0.5385
33.46526432199244,-112.04175194363656,0.3,0.15,0.08,3,0.6005
29.80333759891276,-95.40654753272581,0.7,0.13,0.24,4,0.7815
29.429776289301394,-98.45739855177274,0.9,0.01,0.2,3,0.9175
33.45556126894699,-112.03172428094865,0.7,0.05,0.33,22,0.768
34.03019790936603,-118.24499380811811,0.7,0.77,0.14,7,0.5765
37.116949293319195,-95.6993747062249,0.6,0.8,0.44,18,0.484
37.05870437485576,-95.6835190199097,0.8,0.76,0.41,17,0.5685
29.406467923640424,-98.52611613727396,0.85,0.81,0.9,9,0.5075
34.04474364386164,-118.24344339235365,0.9,0.84,0.71,9,0.5535
29.761161037868447,-95.37993369722277,0.2,0.0,0.27,1,0.5595
40.68704097324151,-74.04136260078377,0.2,0.19,0.08,5,0.5405
29.38558368247392,-98.50684655777084,0.5,0.39,0.12,5,0.6345
37.10106200424417,-95.75318276906144,0.7,0.81,0.42,18,0.5345
41.85696305532403,-87.67721880930506,0.9,0.87,0.34,6,0.6215
29.43222382214226,-98.53008337108452,0.85,0.12,0.23,5,0.8605
29.38953627152742,-98.44728848884108,0.3,0.91,0.96,12,0.1985
34.05031401018548,-118.23874704641051,0.9,0.31,0.09,2,0.859
29.76365894325516,-95.32321778388467,0.85,0.81,0.77,15,0.527
34.00738235368224,-118.250450212167,0.2,0.99,0.81,19,0.181
37.0736604278194,-95.72881838669147,0.8,0.05,0.11,0,0.871
39.916041467693894,-75.16458581371597,0.2,0.61,0.91,17,0.231
29.380437497047275,-98.49964883113671,0.4,0.91,0.97,17,0.247
32.82569602323899,-96.83643353157382,1.0,0.92,0.93,17,0.5505
37.072235384497475,-95.69591736853097,0.8,0.05,0.26,2,0.8485
37.12098744458547,-95.73839618174904,0.6,0.11,0.1,3,0.7575
33.42386406547637,-112.06204120451021,0.85,0.01,0.1,4,0.9075
40.730950272222394,-73.99097989076019,1.0,0.12,0.34,23,0.899
29.786422785988968,-95.40459751468714,0.2,0.31,0.0,3,0.5225
29.433663874060784,-98.53746503728894,0.8,0.81,0.83,16,0.493
29.757557618855017,-95.34172384139315,0.8,0.74,0.82,15,0.512
37.08118409141473,-95.71401995762307,0.8,0.75,0.77,14,0.517
32.761586826654295,-96.84118362044946,0.6,0.6,0.99,12,0.4215
34.09515291442478,-118.19421336828303,0.85,0.72,0.11,7,0.6685
32.80976194077877,-96.84122194390036,0.6,0.86,0.6,18,0.445
41.92460269106665,-87.61029647711415,1.0,0.99,0.45,15,0.605
37.052429722348556,-95.66163210747365,0.85,0.34,0.15,5,0.8175
37.11308674752037,-95.7360819895784,0.85,0.61,0.56,15,0.6085
41.92193404568211,-87.66557506313129,0.6,0.36,0.12,4,0.692
40.68092330661657,-74.04386150605775,0.4,0.31,0.29,22,0.559
37.04664962673668,-95.72967248524323,0.9,0.91,0.96,12,0.4985
33.472512064929006,-112.11389541889893,0.7,0.18,0.07,22,0.7745
29.431547311317992,-98.47438386583059,0.4,0.16,0.13,23,0.6205
37.12418287767583,-95.75377082018699,0.85,0.72,0.96,12,0.521
39.91657723766262,-75.16425778718502,0.7,0.03,0.02,21,0.7895
32.80622673118599,-96.7473303146147,0.2,0.69,0.46,19,0.3085
39.92276273200477,-75.1338029730494,0.5,0.7,0.5,9,0.42
34.01856559428657,-118.2321780561769,1.0,0.79,0.76,12,0.6085
37.056426579793104,-95.72937463792134,0.7,0.3,0.49,20,0.6515
29.79185747202314,-95.35741041637084,0.85,0.79,0.98,16,0.5005
37.10651972206962,-95.70729585360883,0.3,0.62,0.67,8,0.3345
39.954906542476905,-75.17259166161097,1.0,0.98,0.7,15,0.57
34.038083048412346,-118.28062896232598,0.5,0.98,0.55,9,0.3425
39.99032005408131,-75.12653957847596,1.0,0.91,0.68,15,0.5905
32.76594451074226,-96.80202153511786,0.7,0.4,0.8,20,0.58
29.79205994394716,-95.40033774881792,0.8,0.22,0.26,22,0.786
29.754313490857022,-95.38302406491226,1.0,0.99,0.85,13,0.545
37.077694442942494,-95.7185870247471,0.6,0.63,0.2,6,0.5525
37.086267978566966,-95.6772462104433,0.9,0.15,0.32,21,0.8145
40.69293778741642,-73.98263856194386,0.5,0.69,0.89,18,0.394
33.47316093801763,-112.04706951063586,0.8,0.68,0.85,16,0.5225
29.424372039009246,-98.54249687355714,0.3,0.06,0.02,23,0.612
37.063221269514685,-95.71838460018202,0.6,0.25,0.0,22,0.7175
37.12995745732746,-95.71186558483646,0.8,0.31,0.07,23,0.792
34.04058912213732,-118.2917807723177,0.3,0.23,0.23,3,0.558
33.4527552861114,-112.09801867912549,0.85,0.66,0.14,6,0.679
29.464747211096455,-98.46757101768779,0.8,0.32,0.14,22,0.779
41.8905237995914,-87.6660890294271,0.5,0.25,0.93,20,0.498
33.410089804070836,-112.07046898685473,0.85,0.16,0.31,4,0.8385
29.468083212361346,-98.52207981279828,0.85,0.87,0.95,18,0.515
29.773170805307142,-95.41858792253561,0.7,0.7,0.59,8,0.5265
32.760190561465706,-96.82287985424004,0.6,0.74,0.81,15,0.4135
40.67672720726634,-73.958412624509,0.6,0.97,0.56,11,0.3935
41.90750251892703,-87.5996462888117,1.0,0.72,0.51,9,0.6635
34.06420727559285,-118.1977423355679,0.9,0.19,0.06,2,0.8935
34.05554610919763,-118.24491459560737,0.5,0.96,0.61,12,0.3385
29.463489258305096,-98.53262638013226,0.5,0.88,0.66,9,0.351
39.98145972112245,-75.16040405110263,0.9,0.02,0.29,21,0.8515
34.017367487973274,-118.248262266544,1.0,0.66,0.47,16,0.6845
34.03337220677955,-118.20926429172604,0.6,0.6,0.84,12,0.444
29.398948913981446,-98.53379174192158,0.9,0.85,0.72,9,0.5495
37.11439462925727,-95.71117588629781,0.9,0.18,0.1,0,0.89
29.71375324347358,-95.4047951335306,0.9,0.65,0.7,14,0.6025
41.88508896848713,-87.647332407311,0.2,0.38,0.1,5,0.49
39.97884586857407,-75.14146429226122,0.5,0.81,0.76,19,0.3835
41.915776563676175,-87.63219818706312,0.4,0.7,0.66,10,0.346
33.43260817487159,-112.08641117148542,0.5,0.8,0.5,16,0.395
33.4805257304672,-112.084552372143,0.4,0.87,0.47,15,0.332
39.91366317369552,-75.1692553231594,0.2,0.03,0.19,21,0.514
29.458745229173452,-98.4650983456163,0.4,0.71,0.94,11,0.3015
29.7231488662332,-95.33059153110598,0.7,0.92,0.61,13,0.4485
40.70252872905604,-73.96046653134961,0.8,0.18,0.26,5,0.816
39.98232953657795,-75.13650966137448,0.7,0.22,0.23,1,0.7605
29.389091742734877,-98.5120593104252,0.6,0.17,0.33,5,0.708
32.74962513952326,-96.77818652939135,1.0,0.02,0.29,0,0.9515
37.11222525683931,-95.71623968759445,0.85,0.67,0.74,9,0.5665
29.446103653654607,-98.5181329377954,0.5,0.18,0.23,1,0.6705
40.72691476328853,-73.9719128420574,0.6,0.08,0.31,23,0.7135
29.77979484444671,-95.41595736510376,0.8,0.62,0.64,13,0.569
40.71707244433476,-73.96582380078645,0.6,0.94,0.6,12,0.395
29.399279905890694,-98.49745225353753,0.4,0.99,0.41,11,0.311
39.93716959935039,-75.15147985231917,0.5,0.92,0.9,10,0.305
37.058159771680145,-95.69406460777941,0.85,0.34,0.28,0,0.798
34.09304505613336,-118.20418822592936,0.4,0.1,0.04,23,0.649
33.456739179476614,-112.06033303178327,0.8,0.98,0.75,17,0.4625
29.414185141676363,-98.482206641524,1.0,0.08,0.16,21,0.906
34.048400580364415,-118.28703479594394,0.7,0.98,0.47,19,0.4845
41.922828333961185,-87.62795919780548,0.85,1.0,0.99,18,0.4765
32.74203514031161,-96.83198309991829,0.6,0.88,0.53,11,0.4205
40.721422983201684,-73.98225662312785,0.6,0.99,0.02,6,0.4895
29.760988867888447,-95.36857780791873,0.7,0.83,0.76,17,0.4485
34.06334542354347,-118.22567722207917,0.2,0.7,0.84,15,0.219
37.041811018382084,-95.75583270993975,0.2,0.77,0.42,8,0.2845
39.989812390894414,-75.20672079839542,0.3,0.84,0.8,17,0.24
34.09541182824836,-118.22206766119373,0.5,0.03,0.19,3,0.714
29.76691331835892,-95.41259156640012,0.2,0.25,0.04,1,0.5315
41.89776508238769,-87.67267432722348,0.6,0.39,0.06,21,0.6435
29.80264993811773,-95.41858915247651,0.7,0.68,0.74,16,0.489
32.79742386343134,-96.75134986017005,0.5,0.32,0.1,23,0.635
29.725653904291427,-95.3460491640541,0.8,0.36,0.33,5,0.7605
33.45602883601668,-112.08867485914979,0.7,0.38,0.29,21,0.6615
41.88877150463829,-87.65014644187124,0.8,0.98,0.99,13,0.4265
37.08241306713024,-95.7250296770254,0.8,0.81,0.56,9,0.5335
29.784044423562474,-95.34233464688188,1.0,0.39,0.34,21,0.8015
29.803836701476904,-95.35366293889295,0.8,0.9,0.66,14,0.496
29.466656851290676,-98.52508044321326,0.9,0.66,0.61,17,0.6135
29.755483937140415,-95.40238906646658,0.8,0.19,0.02,0,0.8495
29.385423804584075,-98.53376043502865,0.7,0.89,0.43,9,0.483
41.92658411989623,-87.61376972802987,0.9,0.7,0.82,10,0.572
37.1238898086446,-95.68356273377782,0.7,0.26,0.16,3,0.761
37.05246626812033,-95.7334953571675,0.6,0.87,0.54,9,0.4215
32.81878418826174,-96.84490550389691,0.8,0.67,0.77,12,0.537
29.797389636206212,-95.41158283325235,0.5,0.83,0.55,19,0.41
37.09188380571261,-95.6632139965155,0.2,0.91,0.2,7,0.2825
39.96172754357449,-75.18565552225226,0.6,0.8,0.62,12,0.427
37.079900270387014,-95.68307768521618,0.4,0.6,0.89,9,0.3365
32.7321761638822,-96.78453364311457,1.0,0.0,0.29,21,0.9065
39.936119724164584,-75.17700603603471,0.8,0.14,0.17,5,0.8395
41.9083853448598,-87.65923127378045,0.3,0.97,0.61,16,0.236
33.39886320230046,-112.11186135818406,1.0,0.09,0.62,20,0.8345
37.07334991716912,-95.69849870319611,0.9,0.25,0.28,23,0.8255
37.0798168693591,-95.68253662193621,0.6,0.09,0.11,22,0.741
41.8818395602938,-87.6154095746459,0.2,0.73,0.07,7,0.347
37.13198556164128,-95.70696978667507,0.7,0.94,0.45,18,0.4975
39.93723459943659,-75.21100487765683,0.2,0.29,0.16,3,0.5035
33.43309532018962,-112.02715112224055,0.4,0.04,0.17,1,0.6645
40.736550124810975,-73.97612858083454,0.7,0.77,0.9,10,0.4425
29.41932179408898,-98.5143177963299,0.85,0.01,0.08,23,0.8905
33.420860482293996,-112.02600296706412,0.4,0.79,0.63,19,0.358
37.08524395161327,-95.69981184103636,0.2,0.86,0.89,16,0.1715
29.72448570203798,-95.36155773417927,0.8,0.65,0.89,10,0.524
29.72803869865062,-95.34499268205704,1.0,0.72,0.63,18,0.6755
39.952436777273945,-75.13402302119098,0.3,0.76,0.68,17,0.278
39.94449254495045,-75.14955213926685,0.2,0.97,0.58,14,0.1905
33.48988459010681,-112.11119042536338,0.85,1.0,0.96,13,0.451
41.86433938991167,-87.64597324940056,1.0,0.02,0.04,22,0.969
39.9606588350278,-75.12239163596739,0.3,0.3,0.33,5,0.5255
39.96582642879195,-75.19273843881561,0.9,0.15,0.24,22,0.8565
29.711709445658833,-95.38258329761625,0.2,0.76,0.72,17,0.222
33.46475373720167,-112.08079231170558,0.85,0.9,0.42,19,0.587
32.744503596686975,-96.80305950103055,1.0,0.37,0.17,2,0.882
37.136107031746945,-95.69870604175054,0.5,0.98,0.64,17,0.329
41.842966272775314,-87.58549241622553,0.2,0.83,0.5,12,0.2375
32.7681624123727,-96.82293072881674,0.85,0.74,0.79,17,0.5415
34.01073496680787,-118.28154986236991,0.3,0.92,0.98,19,0.223
41.9277874251846,-87.66005295101401,0.9,0.7,0.74,17,0.584
41.878319501033126,-87.59110750997908,0.2,0.23,0.25,3,0.505
33.457938501732,-112.05941891873448,0.7,0.74,0.44,18,0.549
33.405107647738845,-112.09540932107608,0.2,0.86,0.65,16,0.2075
29.449096047039916,-98.46200530610314,0.7,0.7,0.47,15,0.5245
29.73139055930956,-95.33366300036366,0.5,0.68,0.21,6,0.4885
41.917905428944074,-87.59514856613097,0.4,0.97,0.96,13,0.2335
37.060513964048205,-95.66810734663603,0.6,0.64,0.8,10,0.44
40.681868772066366,-74.03077589798266,0.9,0.2,0.03,5,0.8955
33.40205496678481,-112.04849580712538,1.0,0.69,0.61,9,0.656
39.949806694511,-75.16914605027259,0.5,0.02,0.19,1,0.7165
40.71928411332626,-73.971800144711,0.4,0.01,0.14,1,0.6765
40.66937086394284,-73.98315093228383,0.3,0.67,0.9,18,0.2975
34.0797527616695,-118.21605525535003,0.8,0.35,0.29,5,0.769
40.70812888347481,-73.9903838162319,0.85,0.11,0.21,2,0.866
39.95503902693275,-75.19745712305303,0.7,0.38,0.62,20,0.612
33.442476274693824,-112.0694973081103,0.2,0.83,0.55,9,0.23
32.76677630608753,-96.74853302604754,0.5,0.77,0.46,19,0.4385
40.718764033130824,-73.96226119335029,0.7,0.83,0.61,10,0.471
34.01772402459307,-118.2893826264203,0.2,0.81,0.65,14,0.22
29.728592813049527,-95.40331851842706,0.4,0.9,0.81,12,0.2735
37.12617856210136,-95.74682712265454,1.0,0.11,0.23,2,0.938
29.468711546213363,-98.47100200900147,0.7,0.14,0.02,5,0.812
29.747730931627977,-95.3380214670143,0.4,0.36,0.14,21,0.539
40.689874467314354,-74.03464886336893,1.0,0.98,0.51,9,0.5985
39.966999954323896,-75.16461473070481,0.4,0.36,0.05,4,0.6025
40.70367341710981,-73.97192969719887,0.85,0.77,0.9,10,0.5175
33.400938635566035,-112.05071984552337,0.85,0.91,0.43,9,0.553
39.91821525973661,-75.16097627945081,0.7,0.19,0.15,21,0.73
29.44569722288474,-98.48456523095412,0.8,0.8,0.5,9,0.545
34.06809239419101,-118.24286394530837,0.3,0.68,0.93,17,0.2605
37.04270959925035,-95.73024515486811,0.85,0.84,0.19,7,0.6265
33.42059721619329,-112.0674978007141,1.0,0.07,0.54,20,0.8515
41.85120747965881,-87.610911469795,0.85,0.73,0.7,10,0.5575
39.96978927435987,-75.12786770841392,0.3,0.34,0.26,2,0.526
29.376071053775437,-98.47997086460208,0.8,0.08,0.34,23,0.809
39.913010858198454,-75.13908784629568,0.2,0.63,0.53,8,0.303
29.45409160853732,-98.52759283650454,0.9,0.63,0.93,9,0.573
33.41625446620543,-112.07784425255802,0.5,0.38,0.96,20,0.461
41.89337461078519,-87.6788668380173,0.85,0.8,0.95,17,0.5025
32.75051827810467,-96.82233211354783,0.4,0.16,0.22,21,0.577
29.384044139275932,-98.4709538284887,0.2,0.32,0.22,1,0.487
29.734717219099945,-95.32061900486507,0.6,0.93,0.14,6,0.4865
41.90032669318557,-87.66988219004128,0.2,0.73,0.85,19,0.24
37.12556964681063,-95.71985056841386,1.0,0.88,0.72,10,0.592
34.085221986456695,-118.2136929031301,0.85,0.91,0.81,16,0.496
39.94231835296184,-75.1947964365371,0.4,0.26,0.15,3,0.6125
29.777208513657065,-95.36429150506977,0.9,0.06,0.26,2,0.896
29.730898429541583,-95.34649287039703,0.85,0.95,0.89,11,0.474
40.692114773026105,-73.99440145497398,1.0,0.82,0.49,16,0.6415
29.46373358185211,-98.52479752653846,0.7,0.71,0.29,7,0.569
37.04130019235108,-95.72446154313143,0.5,0.77,0.72,8,0.3895
32.73525085308545,-96.76862082155145,0.5,0.62,0.91,11,0.3785
32.7474886255146,-96.7915773485868,0.5,0.65,0.66,8,0.4285
29.376753220387382,-98.5430770386457,0.3,0.91,0.63,10,0.248
34.02034354350898,-118.2176009239972,0.9,0.6,0.95,10,0.5775
41.88640415609697,-87.67626886450599,0.9,0.17,0.09,3,0.894
32.76884245505925,-96.77242662172688,1.0,0.81,0.91,8,0.601
32.815967171107694,-96.82675194398347,0.6,0.62,0.69,10,0.4615
33.480144356173845,-112.02819265198806,0.2,0.99,0.71,17,0.166
29.408281735169787,-98.5068059248698,0.7,0.09,0.11,21,0.761
40.68874234334313,-74.0233068383662,0.85,0.72,0.2,7,0.655
32.76466924081672,-96.83211119496676,0.3,0.72,0.6,13,0.3
41.88712949425148,-87.64923957845099,0.6,0.69,0.42,14,0.4845
37.06680636408229,-95.67233492381717,0.6,0.6,0.56,19,0.516
33.46081489078491,-112.02436656623728,0.8,0.89,0.4,13,0.5375
29.751341165219124,-95.38296904694931,0.4,0.99,0.34,6,0.3415
32.781904718085194,-96.80213893690454,0.7,0.09,0.34,21,0.7265
41.87171265291354,-87.60759290617973,0.2,0.87,0.64,14,0.2065
32.75614657595419,-96.75838042195349,0.9,0.9,0.84,13,0.519
29.805245330696216,-95.36049556658132,0.8,0.94,0.61,18,0.5235
37.11636057941598,-95.72084743018222,0.9,0.17,0.23,0,0.873
29.724411317576646,-95.37853781591514,0.9,0.12,0.28,2,0.878
37.12684679758979,-95.69043818535032,0.9,0.73,0.97,15,0.542
37.088743119824954,-95.75967817363957,0.5,0.89,0.64,11,0.3515
37.129455222689415,-95.698041066254,0.2,0.33,0.27,23,0.457
34.08218552559473,-118.25815069895587,0.4,0.67,0.56,14,0.3685
37.082521350446925,-95.68058026687228,1.0,0.75,0.35,7,0.7
32.72894693083201,-96.83770093601768,0.7,0.96,0.42,9,0.467
37.0668677359385,-95.70117977330516,0.8,0.92,0.21,7,0.5785
34.05636342146609,-118.24560271101139,0.85,0.39,0.23,2,0.793
33.46174782198261,-112.05976744740947,0.3,0.3,0.24,5,0.539
39.928388768543314,-75.2087146405517,0.9,0.76,0.04,7,0.694
37.05393560740728,-95.70200162125718,0.8,0.84,0.96,13,0.466
29.79389302367993,-95.36365154120405,0.3,0.26,0.06,4,0.576
40.761240218070355,-73.99993399055839,0.4,0.03,0.22,21,0.6095
41.88066901823027,-87.61945123334036,0.8,0.82,0.53,16,0.5355
32.74386792858483,-96.77935320627736,0.7,0.88,0.58,16,0.463
32.75393073265194,-96.76650110003192,0.2,0.07,0.19,2,0.554
37.04183906765475,-95.73301792798718,0.2,0.31,0.15,23,0.48
32.818129880656045,-96.76449505898199,0.2,0.23,0.06,21,0.4835
29.722175108289015,-95.36997443177366,0.85,0.38,0.06,1,0.821
40.72045164755143,-74.04829417208657,1.0,0.62,0.15,7,0.7625
29.737805522068722,-95.4139449070756,0.6,0.71,0.85,17,0.415
37.09541780025158,-95.72657616813039,0.7,0.84,0.94,17,0.419
33.463542038835186,-112.04551030228885,0.85,0.72,0.45,14,0.5975
37.122974180370726,-95.6892319065259,0.5,0.29,0.14,2,0.6565
41.84874212717607,-87.60093850353276,1.0,0.9,0.46,8,0.646
32.72779958286585,-96.79527309435584,0.85,0.64,0.41,16,0.6235
41.84178856300689,-87.63578010020446,0.5,0.21,0.8,20,0.5275
39.992601864184806,-75.20045474732937,0.85,0.8,0.76,14,0.531
32.81408900775625,-96.81418072463907,0.8,0.15,0.06,5,0.8535
39.96234131021703,-75.17179806338261,0.4,0.97,0.54,11,0.2965
40.72285168604337,-74.04713995703204,0.8,0.33,0.01,21,0.766
37.10650366745463,-95.73793880472887,0.7,0.28,0.29,23,0.7165
37.057537127862346,-95.70017747059362,0.7,0.89,0.98,17,0.4005
39.99404119459249,-75.14163368857608,0.3,0.18,0.05,0,0.5975
34.04407705248921,-118.1938652488607,0.5,0.37,0.08,0,0.6455
37.078313852824955,-95.66668866686564,0.3,0.88,0.3,7,0.325
37.091891770528285,-95.69574348004647,1.0,0.29,0.32,1,0.8795
34.00689659667751,-118.2515751946706,1.0,0.94,0.65,19,0.6175
37.05662833687561,-95.69638226352917,0.5,0.71,0.43,12,0.428
41.90190336164264,-87.60123483819198,0.7,0.92,0.42,11,0.477
33.406679866792516,-112.11216638090765,0.7,0.68,0.74,13,0.489
33.458715210946636,-112.08300951103037,0.6,0.14,0.64,20,0.619
34.02673491096813,-118.20971977143644,0.8,0.73,0.42,8,0.5945
41.8670295614042,-87.6414167048067,0.3,0.39,0.2,22,0.5025
29.40296937367707,-98.48641277287729,0.2,0.34,0.0,5,0.515
37.0755672716465,-95.70122306391377,0.2,0.28,0.87,20,0.3495
32.79860459051842,-96.82855237468664,0.2,0.29,0.11,21,0.461
33.42811217156232,-112.08777645583477,0.7,0.22,0.01,2,0.7935
40.71944046402969,-74.0225488711258,0.6,0.98,0.75,18,0.3925
40.71040504021991,-74.05338032914679,0.4,0.2,0.14,3,0.629
29.776767116536266,-95.41738082361086,0.3,0.15,0.34,3,0.5615
29.804082973932477,-95.33663029563242,0.2,0.67,0.73,19,0.273
32.79995720972102,-96.81969291900272,0.6,0.31,0.1,2,0.7075
33.41989403785907,-112.07219212337611,0.7,0.89,0.83,19,0.453
32.72981831350613,-96.81712744264112,0.5,0.15,0.1,4,0.6975
37.06622640442998,-95.66593207548846,1.0,0.61,0.94,10,0.6265
34.06170779307003,-118.26777032411343,0.4,0.94,0.62,16,0.292
41.83324258134843,-87.63683431872612,0.8,0.0,0.73,20,0.7405
32.77633662472012,-96.75972697495153,0.2,0.88,0.43,9,0.2355
40.72248428489169,-73.97180664332082,1.0,0.39,0.15,21,0.83
37.0734243890817,-95.74138985821537,1.0,0.78,0.29,7,0.7015
37.11709122037458,-95.67973566902042,0.6,0.69,0.28,7,0.5255
33.40905982531338,-112.0781813113262,1.0,0.88,0.53,18,0.6505
34.00971377817358,-118.24540311279146,0.3,0.33,0.08,23,0.5355
29.44691887562036,-98.5302520027584,0.7,0.22,0.29,4,0.7515
29.423649131620618,-98.53553984862428,0.9,0.99,0.96,8,0.4985
37.108840239642774,-95.68720606930262,0.9,0.02,0.03,22,0.9205
41.87158273386038,-87.63015388476447,0.6,0.8,0.67,8,0.4395
41.85274020332391,-87.63611492973848,0.3,0.89,0.6,8,0.2775
41.91001023176742,-87.60684917713476,0.4,0.95,0.3,6,0.3575
41.9080415878969,-87.60324871010089,0.85,0.67,0.03,6,0.693
37.10946964708545,-95.74410918323306,0.7,0.32,0.07,3,0.7595
33.425614513723,-112.06297748505223,0.9,0.82,0.85,18,0.5675
37.09902306668691,-95.74646459177222,0.6,0.76,0.43,8,0.4855
37.076097389694006,-95.68486249139708,0.5,0.65,0.7,13,0.4025
40.671958207332665,-73.99030448437328,0.9,0.95,0.15,7,0.63
37.13173135754623,-95.66433853789165,0.5,0.66,0.6,18,0.445
29.724081863091897,-95.41290419836436,0.9,0.12,0.14,4,0.899
41.923123735382084,-87.67409452788488,1.0,0.72,0.72,16,0.632
34.0468005772958,-118.26548129253068,1.0,0.35,0.06,1,0.9035
